

-- create db
-- DROP DATABASE IF EXISTS abacustest;
-- CREATE DATABASE abacustest DEFAULT CHARACTER SET utf8;


DROP TABLE IF EXISTS login;
DROP TABLE IF EXISTS account_contact;
DROP TABLE IF EXISTS account_device;
DROP TABLE IF EXISTS account;

DROP TABLE IF EXISTS acl_ug_target_relationship;
DROP TABLE IF EXISTS acl_target;
DROP TABLE IF EXISTS acl_user_group_relationship;
DROP TABLE IF EXISTS acl_group;
DROP TABLE IF EXISTS acl_user;

DROP TABLE IF EXISTS data_type;


-- account table.
DROP TABLE IF EXISTS login;
DROP TABLE IF EXISTS account_contact;
DROP TABLE IF EXISTS account_device;
DROP TABLE IF EXISTS account;
CREATE TABLE account(
    id bigint GENERATED BY DEFAULT AS IDENTITY(START WITH 1, INCREMENT BY 1),
    gui varchar(64) NOT NULL,
    email_address varchar(64),
    first_name varchar(32) NOT NULL,
    middle_name varchar(32),
    last_name varchar(32) NOT NULL,
    birth_date date,
    status int DEFAULT 0,
    last_update_time timestamp NOT NULL,
    create_time timestamp NOT NULL,
    UNIQUE (gui),
    UNIQUE (email_address),
    PRIMARY KEY (id)
);
CREATE INDEX account_first_name_ind on account (first_name);
CREATE INDEX account_last_name_ind on account (last_name);
CREATE INDEX account_birth_date_ind on account (birth_date);


-- login table
DROP TABLE IF EXISTS login;
CREATE TABLE login(
    id bigint GENERATED BY DEFAULT AS IDENTITY(START WITH 1, INCREMENT BY 1),
    account_id bigint NOT NULL,
    login_id varchar(64) NOT NULL,
    login_password varchar(128) NOT NULL,
    status int DEFAULT 0,
    last_update_time timestamp NOT NULL,
    create_time timestamp NOT NULL,
    UNIQUE  (login_id),
    PRIMARY KEY (id),
    FOREIGN KEY (account_id)
        REFERENCES account (id)
        ON UPDATE CASCADE ON DELETE RESTRICT
);


-- contact
DROP TABLE IF EXISTS account_contact;
CREATE TABLE account_contact(
    id bigint GENERATED BY DEFAULT AS IDENTITY(START WITH 1, INCREMENT BY 1),
    account_id bigint NOT NULL,
    mobile varchar(16) DEFAULT NULL,
    telephone varchar(16) DEFAULT NULL,
    email varchar(64) DEFAULT NULL,
    address varchar(128) DEFAULT NULL,
    address_2 varchar(128) DEFAULT NULL,
    city varchar(32) DEFAULT NULL,
    state varchar(32) DEFAULT NULL,
    country varchar(32) DEFAULT NULL,
    zip_code varchar(16) DEFAULT NULL,
    category varchar(32) DEFAULT NULL,
    description varchar(1024) DEFAULT NULL,
    status int DEFAULT 0,
    last_update_time timestamp NOT NULL,
    create_time timestamp NOT NULL,
    PRIMARY KEY (id),
    FOREIGN KEY (account_id)
        REFERENCES account (id)
        ON UPDATE CASCADE ON DELETE RESTRICT
);


-- device table
DROP TABLE IF EXISTS account_device;
CREATE TABLE account_device(
    id bigint GENERATED BY DEFAULT AS IDENTITY(START WITH 1, INCREMENT BY 1),
    account_id bigint NOT NULL,
    name varchar(64) NOT NULL,
    udid varchar(64) NOT NULL,
    platform varchar(64) DEFAULT NULL,
    model varchar(64) DEFAULT NULL,
    manufacturer varchar(64) DEFAULT NULL,
    produce_time timestamp,
    category varchar(32) DEFAULT NULL,
    description varchar(1024) DEFAULT NULL,
    status int DEFAULT 0,
    last_update_time timestamp NOT NULL,
    create_time timestamp NOT NULL,
    UNIQUE (udid),
    PRIMARY KEY (id),
    FOREIGN KEY (account_id)
        REFERENCES account (id)
        ON UPDATE CASCADE ON DELETE RESTRICT
);


-- acl user
DROP TABLE IF EXISTS acl_user_group_relationship;
DROP TABLE IF EXISTS acl_user;
CREATE TABLE acl_user(
    id bigint GENERATED BY DEFAULT AS IDENTITY(START WITH 1, INCREMENT BY 1),
    gui varchar(64) NOT NULL,
    name varchar(32) NOT NULL,
    description varchar(1024) DEFAULT NULL,
    status int DEFAULT 0,
    last_update_time timestamp NOT NULL,
    create_time timestamp NOT NULL,
    UNIQUE (gui),
    UNIQUE (name),
    PRIMARY KEY (id)
);


-- acl group.
DROP TABLE IF EXISTS acl_user_group_relationship;
DROP TABLE IF EXISTS acl_group;
CREATE TABLE acl_group(
    id bigint GENERATED BY DEFAULT AS IDENTITY(START WITH 1, INCREMENT BY 1),
    gui varchar(64) NOT NULL,
    name varchar(32) NOT NULL,
    description varchar(1024) DEFAULT NULL,
    status int DEFAULT 0,
    last_update_time timestamp NOT NULL,
    create_time timestamp NOT NULL,
    UNIQUE (gui),
    UNIQUE (name),
    PRIMARY KEY (id)
);


-- acl_user_group_relationship
DROP TABLE IF EXISTS acl_user_group_relationship;
CREATE TABLE acl_user_group_relationship(
    id bigint GENERATED BY DEFAULT AS IDENTITY(START WITH 1, INCREMENT BY 1),
    user_gui varchar(64) NOT NULL,
    group_gui varchar(64) NOT NULL,
    description varchar(1024) DEFAULT NULL,
    status int DEFAULT 0,
    last_update_time timestamp NOT NULL,
    create_time timestamp NOT NULL,
    PRIMARY KEY (id),
    FOREIGN KEY (user_gui)
        REFERENCES acl_user (gui)
        ON UPDATE CASCADE ON DELETE CASCADE,
    FOREIGN KEY (group_gui)
        REFERENCES acl_group (gui)
        ON UPDATE CASCADE ON DELETE CASCADE
);


-- acl_target.
DROP TABLE IF EXISTS acl_ug_target_relationship;
DROP TABLE IF EXISTS acl_target;
CREATE TABLE acl_target(
    id bigint GENERATED BY DEFAULT AS IDENTITY(START WITH 1, INCREMENT BY 1),
    gui varchar(64) NOT NULL,
    name varchar(128) NOT NULL,
    category varchar(64) NOT NULL,
    sub_category varchar(64) NOT NULL,
    type varchar(64) NOT NULL,
    sub_type varchar(64) NOT NULL,
    description varchar(1024) DEFAULT NULL,
    status int DEFAULT 0,
    last_update_time timestamp NOT NULL,
    create_time timestamp NOT NULL,
    UNIQUE (gui),
    UNIQUE (name),
    PRIMARY KEY (id)
);
CREATE INDEX cl_target_category_ind on acl_target (category);
CREATE INDEX cl_target_sub_category_ind on acl_target (sub_category);
CREATE INDEX cl_target_type_ind on acl_target (type);
CREATE INDEX cl_target_sub_type_ind on acl_target (sub_type);


-- acl_ug_target_relationship
DROP TABLE IF EXISTS acl_ug_target_relationship;
CREATE TABLE acl_ug_target_relationship(
    id bigint GENERATED BY DEFAULT AS IDENTITY(START WITH 1, INCREMENT BY 1),
    ug_gui varchar(64) NOT NULL,
    target_gui varchar(64) NOT NULL,
    privilege bigint NOT NULL,
    description varchar(1024) DEFAULT NULL,
    status int DEFAULT 0,
    last_update_time timestamp NOT NULL,
    create_time timestamp NOT NULL,
    PRIMARY KEY (id),
    FOREIGN KEY (target_gui)
        REFERENCES acl_target (gui)
        ON UPDATE CASCADE ON DELETE CASCADE
);
CREATE INDEX acl_ug_target_relationship_ug_gui_ind on acl_ug_target_relationship (ug_gui);


-- data type
DROP TABLE IF EXISTS data_type;
CREATE TABLE data_type(
    byteType tinyint DEFAULT NULL,
    charType smallint DEFAULT NULL,
    booleanType tinyint DEFAULT NULL,
    shortType smallint DEFAULT NULL,
    intType int DEFAULT NULL,
    longType bigint DEFAULT NULL,
    floatType float DEFAULT NULL,
    doubleType double DEFAULT NULL,
    bigDecimalType decimal(10, 0 ) DEFAULT NULL,
    stringType varchar(1024) DEFAULT NULL,
    byteArrayType varbinary(1024) DEFAULT NULL,
    characterStreamType char(255) DEFAULT NULL,
    binaryStreamType varbinary(1024) DEFAULT NULL,
    clobType clob DEFAULT NULL,
    blobType blob DEFAULT NULL,
    dateType date DEFAULT NULL,
    timeType time DEFAULT NULL,
    timestampType timestamp NOT NULL,
    longDateType bigint DEFAULT NULL,  
    longTimeType bigint DEFAULT NULL,  
    longTimestampType bigint DEFAULT NULL,
    enumType varchar(64) DEFAULT NULL,
    stringArrayListType varchar(1024) DEFAULT NULL,
    booleanLinkedListType varchar(1024) DEFAULT NULL,
    doubleArrayListType varchar(1024) DEFAULT NULL,
    dateArrayListType varchar(1024) DEFAULT NULL,
    timestampArrayListType varchar(1024) DEFAULT NULL,
    bigDecimalArrayListType varchar(1024) DEFAULT NULL,
    stringHashSetType varchar(1024) DEFAULT NULL,
    booleanLinkedHashSetType varchar(1024) DEFAULT NULL,
    dateHashSetType varchar(1024) DEFAULT NULL,
    timestampHashSetType varchar(1024) DEFAULT NULL,
    bigDecimalHashSetType varchar(1024) DEFAULT NULL,
    stringHashMapType varchar(1024) DEFAULT NULL,
    booleanLinkedHashMapType varchar(1024) DEFAULT NULL,
    floatHashMapType varchar(1024) DEFAULT NULL,
    dateHashMapType varchar(1024) DEFAULT NULL,
    timestampHashMapType varchar(1024) DEFAULT NULL,
    bigDecimalHashMapType varchar(1024) DEFAULT NULL,
    StringVectorType varchar(1024) DEFAULT NULL,
    StringConcurrentHashMapType varchar(1024) DEFAULT NULL,
    jsonType varchar(1024) DEFAULT NULL,
    xmlType varchar(1024) DEFAULT NULL
);


-- ================================================================================================

-- author
DROP TABLE IF EXISTS author;
CREATE TABLE author(
    id int GENERATED BY DEFAULT AS IDENTITY(START WITH 1, INCREMENT BY 1),
    firstName varchar(64) NOT NULL,
    lastName varchar(64) NOT NULL,
    birthDay timestamp DEFAULT NULL,
    PRIMARY KEY (id)
);


-- book
DROP TABLE IF EXISTS book;
CREATE TABLE book(
    id int GENERATED BY DEFAULT AS IDENTITY(START WITH 1, INCREMENT BY 1),
    name varchar(64) NOT NULL,
    language varchar(64) DEFAULT NULL,
    PRIMARY KEY (id)
);


-- authorbook
DROP TABLE IF EXISTS authorbook;
CREATE TABLE authorbook(
    AuthorId int NOT NULL,
    bookId int NOT NULL,
    UNIQUE (bookId,AuthorId)
);


-- contact
DROP TABLE IF EXISTS contact;
CREATE TABLE contact(
    id int GENERATED BY DEFAULT AS IDENTITY(START WITH 1, INCREMENT BY 1),
    hostId int NOT NULL,
    mobile varchar(32) DEFAULT NULL,
    telephone varchar(32) DEFAULT NULL,
    email varchar(64) DEFAULT NULL,
    address varchar(128) DEFAULT NULL,
    PRIMARY KEY (id)
);


-- email
DROP TABLE IF EXISTS email;
CREATE TABLE email(
    id int GENERATED BY DEFAULT AS IDENTITY(START WITH 1, INCREMENT BY 1),
    contactId int NOT NULL,
    emailAddress varchar(64) DEFAULT NULL,
    PRIMARY KEY (id)
);


-- prepare test data

INSERT INTO book (id, name ) VALUES ( 1, 'book1');
INSERT INTO book (id, name ) VALUES ( 2, 'book2');
INSERT INTO book (id, name ) VALUES ( 3, 'book3');
INSERT INTO book (id, name ) VALUES ( 4, 'book4');
INSERT INTO book (id, name ) VALUES ( 5, 'book5');
INSERT INTO book (id, name ) VALUES ( 6, 'book6');
INSERT INTO book (id, name ) VALUES ( 7, 'book7');

INSERT INTO author (id, firstName , lastName,birthDay) VALUES ( 1, 'author1', 'num1', to_date('01/01/2001','DD/MM/YYYY'));
INSERT INTO author (id, firstName , lastName,birthDay) VALUES ( 2, 'author2', 'num2', to_date('01/01/2002','DD/MM/YYYY'));
INSERT INTO author (id, firstName , lastName,birthDay) VALUES ( 3, 'author3', 'num3', to_date('01/01/2003','DD/MM/YYYY'));
INSERT INTO author (id, firstName , lastName,birthDay) VALUES ( 4, 'author4', 'num4', to_date('01/01/2004','DD/MM/YYYY'));
INSERT INTO author (id, firstName , lastName,birthDay) VALUES ( 5, 'author5', 'num5', to_date('01/01/2005','DD/MM/YYYY'));

INSERT INTO AuthorBook (bookId, authorId ) VALUES  ( 1, 1 );
INSERT INTO AuthorBook (bookId, authorId ) VALUES  ( 1, 2 );
INSERT INTO AuthorBook (bookId, authorId ) VALUES  ( 1, 3 );
INSERT INTO AuthorBook (bookId, authorId ) VALUES  ( 2, 2 );
INSERT INTO AuthorBook (bookId, authorId ) VALUES  ( 2, 3 );
INSERT INTO AuthorBook (bookId, authorId ) VALUES  ( 3, 3 );

INSERT INTO contact (id, hostId, email) VALUES ( 1, 1, 'author1.num1@world.com' );
INSERT INTO contact (id, hostId, email) VALUES ( 2, 2 , 'author2.num2@world.com');
INSERT INTO contact (id, hostId, email) VALUES ( 3, 3 , 'author3.num4@world.com');
INSERT INTO contact (id, hostId, email) VALUES ( 4, 4 , 'author4.num4@world.com');
INSERT INTO contact (id, hostId, email) VALUES ( 5, 5 , 'author5.num5@world.com');

-- ======================================================================================
